paper_id,has_pdf,dataset;method,number_citations,booktitle,pdf_url,year,title,type,authors
conf_acl_GildeaT07,true,0;0,22,ACL,http://aclweb.org/anthology-new/P/P07/P07-1024.pdf,2007,'Optimizing grammars for minimum dependency length',inproceedings,Daniel Gildea;David Temperley
conf_acl_Carbonell83,true,0;0,81,ACL,http://aclweb.org/anthology-new/P/P83/P83-1025.pdf,1983,'Discourse pragmatics and ellipsis resolution in task-oriented natural language interfaces',inproceedings,Jaime G. Carbonell
conf_acl_EhlingZN07,true,0;0,25,ACL,http://aclweb.org/anthology-new/P/P07/P07-2026.pdf,2007,'Minimum bayes risk decoding for bleu',inproceedings,Nicola Ehling;Richard Zens;Hermann Ney
conf_acl_XuCJ02,true,0;0,51,ACL,http://www.aclweb.org/anthology/P02-1025.pdf,2002,'A study on richer syntactic dependencies for structured language modeling',inproceedings,Peng Xu;Ciprian Chelba;Frederick Jelinek
conf_acl_NederhofS02,true,0;0,-1,ACL,http://www.aclweb.org/anthology/P02-1015.pdf,2002,'Parsing non-recursive cfgs',inproceedings,Mark-Jan Nederhof;Giorgio Satta
conf_acl_Pustejovsky87a,true,0;0,-1,ACL,http://aclweb.org/anthology-new/P/P87/P87-1028.pdf,1987,'Lexical selection in the process of language generation sergei nirenburg',inproceedings,James Pustejovsky
conf_acl_Pucher07,true,0;0,11,ACL,http://aclweb.org/anthology-new/P/P07/P07-2033.pdf,2007,'Wordnet-based semantic relatedness measures in automatic speech recognition for meetings',inproceedings,Michael Pucher
conf_acl_KawaharaU07,true,0;0,3,ACL,http://aclweb.org/anthology-new/P/P07/P07-2052.pdf,2007,'Minimally lexicalized dependency parsing',inproceedings,Daisuke Kawahara;Kiyotaka Uchimoto
conf_acl_Tennant81,true,0;0,-1,ACL,http://aclweb.org/anthology-new/P/P81/P81-1010.pdf,1981,'What makes evaluation hard?',inproceedings,Harry R. Tennant
conf_acl_GuindonSC87,true,0;0,-1,ACL,http://aclweb.org/anthology-new/P/P87/P87-1006.pdf,1987,'Grammatical and ungrammatical structures in user-adviser dialogues= evidence for sufficiency of restricted languages in natural language interfaces to advisory systems',inproceedings,Raymonde Guindon;Kelly Shuldberg;Joyce Conner
conf_acl_Wittenburg87,true,0;0,56,ACL,http://aclweb.org/anthology-new/P/P87/P87-1011.pdf,1987,'Predictive combinators: a method for efficient processing of combinatory categorial grammars',inproceedings,Kent Wittenburg
conf_acl_Uszkoreit83,true,0;0,10,ACL,http://aclweb.org/anthology-new/P/P83/P83-1016.pdf,1983,'A framework for processing partially free word order',inproceedings,Hans Uszkoreit
conf_acl_Pullum83,true,0;0,23,ACL,http://aclweb.org/anthology-new/P/P83/P83-1001.pdf,1983,'Context-freeness and the computer processing of human languages',inproceedings,Geoffrey K. Pullum
conf_acl_GroszJW83,true,0;0,594,ACL,http://aclweb.org/anthology-new/P/P83/P83-1007.pdf,1983,'Providing a unified account of definite noun phrases in discourse',inproceedings,Barbara J. Grosz;Aravind K. Joshi;Scott Weinstein
conf_acl_MoshierR87,true,0;0,12,ACL,http://aclweb.org/anthology-new/P/P87/P87-1016.pdf,1987,'On the succinctness properties of unordered context-free grammars',inproceedings,M. Drew Moshier;William C. Rounds
conf_acl_Walker82,true,0;0,1,ACL,http://aclweb.org/anthology-new/P/P82/P82-1017.pdf,1982,'Reflections on 20 years of the acl an introduction',inproceedings,Donald E. Walker
conf_acl_MukherjeeCBG07,true,0;0,4,ACL,http://aclweb.org/anthology-new/P/P07/P07-1014.pdf,2007,'Redundancy ratio: an invariant property of the consonant inventories of the world's languages',inproceedings,Animesh Mukherjee;Monojit Choudhury;Anupam Basu;Niloy Ganguly
conf_acl_Johansson07,true,0;0,1,ACL,http://aclweb.org/anthology-new/P/P07/P07-3009.pdf,2007,'Logistic online learning methods and their application to incremental dependency parsing',inproceedings,Richard Johansson
conf_acl_McCoy82,true,0;0,11,ACL,http://aclweb.org/anthology-new/P/P82/P82-1029.pdf,1982,'Augmenting a database knowledge representation for natural language generation',inproceedings,Kathleen F. McCoy
conf_acl_Kuhn02,true,0;0,-1,ACL,http://www.aclweb.org/anthology/P02-1007.pdf,2002,'Ot syntax - decidability of generation-based optimization',inproceedings,Jonas Kuhn
conf_acl_HashimotoK07,true,0;0,9,ACL,http://aclweb.org/anthology-new/P/P07/P07-2035.pdf,2007,'Construction of domain dictionary for fundamental vocabulary',inproceedings,Chikara Hashimoto;Sadao Kurohashi
conf_acl_Gomez82,true,0;0,15,ACL,http://aclweb.org/anthology-new/P/P82/P82-1006.pdf,1982,'Towards a theory of comprehension of declarative contexts',inproceedings,Fernando Gomez
conf_acl_SzpektorSD07,true,0;0,76,ACL,http://aclweb.org/anthology-new/P/P07/P07-1058.pdf,2007,'Instance-based evaluation of entailment rule acquisition',inproceedings,Idan Szpektor;Eyal Shnarch;Ido Dagan
conf_acl_PreissBK07,true,0;0,74,ACL,http://aclweb.org/anthology-new/P/P07/P07-1115.pdf,2007,"'A system for large-scale acquisition of verbal, nominal and adjectival subcategorization frames from corpora'",inproceedings,Judita Preiss;Ted Briscoe;Anna Korhonen
conf_acl_SproatB87,true,0;0,7,ACL,http://aclweb.org/anthology-new/P/P87/P87-1010.pdf,1987,'Constituent-based morphological parsing: a new approach to the problem of word-recognition',inproceedings,Richard Sproat;Barbara Brunson
conf_acl_SumitaSN07,true,0;0,6,ACL,http://aclweb.org/anthology-new/P/P07/P07-2007.pdf,2007,'Nict-atr speech-to-speech translation system',inproceedings,Eiichiro Sumita;Tohru Shimizu;Satoshi Nakamura
conf_acl_AmoresPP07,true,0;0,15,ACL,http://aclweb.org/anthology-new/P/P07/P07-2001.pdf,2007,'Mimus: a multimodal and multilingual dialogue system for the home domain',inproceedings,J. Gabriel Amores;Guillermo Pérez García;Pilar Manchón Portillo
conf_acl_BergsmaK07,true,0;0,54,ACL,http://aclweb.org/anthology-new/P/P07/P07-1083.pdf,2007,'Alignment-based discriminative string similarity',inproceedings,Shane Bergsma;Grzegorz Kondrak
conf_acl_NomotoM02,true,0;0,4,ACL,http://www.aclweb.org/anthology/P02-1059.pdf,2002,'Supervised ranking in open-domain text summarization',inproceedings,Tadashi Nomoto;Yuji Matsumoto
conf_acl_Clark02,true,0;0,36,ACL,http://www.aclweb.org/anthology/P02-1065.pdf,2002,'Memory-based learning of morphology with stochastic transducers',inproceedings,Alexander Clark
conf_acl_HobbsCDEL86,true,0;0,122,ACL,http://aclweb.org/anthology-new/P/P86/P86-1035.pdf,1986,'Commonsense metaphysics and lexical semantics',inproceedings,Jerry R. Hobbs;William Croft;Todd R. Davies;Douglas Edwards;Kenneth Lawss
conf_acl_MaslennikovC07,true,0;0,47,ACL,http://aclweb.org/anthology-new/P/P07/P07-1075.pdf,2007,'A multi-resolution framework for information extraction from free text',inproceedings,Mstislav Maslennikov;Tat-Seng Chua
conf_acl_Kronfeld86,true,0;0,58,ACL,http://aclweb.org/anthology-new/P/P86/P86-1029.pdf,1986,'Donnellan's distinction and a computational model of reference',inproceedings,Amichai Kronfeld
conf_acl_GoldwaterG07,true,0;0,309,ACL,http://aclweb.org/anthology-new/P/P07/P07-1094.pdf,2007,'A fully bayesian approach to unsupervised part-of-speech tagging',inproceedings,Sharon Goldwater;Thomas L. Griffiths
conf_acl_PareschiS87,true,0;0,81,ACL,http://aclweb.org/anthology-new/P/P87/P87-1012.pdf,1987,'A lazy way to chart-parse with categorial grammars',inproceedings,Remo Pareschi;Mark Steedman
conf_acl_ByrdKAA86,true,0;0,31,ACL,http://aclweb.org/anthology-new/P/P86/P86-1019.pdf,1986,'Computer methods for morphological analysis',inproceedings,Roy J. Byrd;Judith L. Klavans;Mark Aronoff;Frank Anshen
conf_acl_Kwasny82,true,0;0,-1,ACL,http://aclweb.org/anthology-new/P/P82/P82-1037.pdf,1982,'Ill-formed and non-standard language problems',inproceedings,Stanley C. Kwasny
conf_acl_Stallard86,true,0;0,31,ACL,http://aclweb.org/anthology-new/P/P86/P86-1036.pdf,1986,'A terminological simplification transformation for natural language question-answering systems',inproceedings,David Stallard
conf_acl_RostiMS07,true,0;0,-1,ACL,http://aclweb.org/anthology-new/P/P07/P07-1040.pdf,2007,'Improved word-level system combination for machine translation',inproceedings,Antti-Veikko I. Rosti;Spyridon Matsoukas;Richard M. Schwartz
conf_acl_Sejnowski86,true,0;0,2,ACL,http://aclweb.org/anthology-new/P/P86/P86-1027.pdf,1986,'Language learning in massively-parallel networks',inproceedings,Terrence J. Sejnowski
conf_acl_Berwick81,true,0;0,-1,ACL,http://aclweb.org/anthology-new/P/P81/P81-1002.pdf,1981,'Computational complexity and lexical funtional grammar',inproceedings,Robert C. Berwick
conf_acl_PonzettoS07,true,0;0,23,ACL,http://aclweb.org/anthology-new/P/P07/P07-2013.pdf,2007,'An api for measuring the relatedness of words in wikipedia',inproceedings,Simone Paolo Ponzetto;Michael Strube 0001
conf_acl_ChangRR07,true,0;0,182,ACL,http://aclweb.org/anthology-new/P/P07/P07-1036.pdf,2007,'Guiding semi-supervision with constraint-driven learning',inproceedings,Ming-Wei Chang;Lev-Arie Ratinov;Dan Roth
conf_acl_ClarkHS02,true,0;0,-1,ACL,http://www.aclweb.org/anthology/P02-1042.pdf,2002,'Building deep dependency structures using a wide-coverage ccg parser',inproceedings,Stephen Clark;Julia Hockenmaier;Mark Steedman
conf_acl_Chin83,true,0;0,-1,ACL,http://aclweb.org/anthology-new/P/P83/P83-1024.pdf,1983,"'Knowledge structures in uc, the unix* consultant'",inproceedings,David N. Chin
conf_acl_Wilcock07,true,0;0,12,ACL,http://aclweb.org/anthology-new/P/P07/P07-2043.pdf,2007,'An owl ontology for hpsg',inproceedings,Graham Wilcock
conf_acl_RosenfeldF07,true,0;0,58,ACL,http://aclweb.org/anthology-new/P/P07/P07-1076.pdf,2007,'Using corpus statistics on entities to improve semi-supervised relation extraction from the web',inproceedings,Benjamin Rosenfeld;Ronen Feldman
conf_acl_Sabot86,true,0;0,6,ACL,http://aclweb.org/anthology-new/P/P86/P86-1020.pdf,1986,'Bulk processing of text on a massively parallel computer',inproceedings,Gary Sabot
conf_acl_EisensteinD07,true,0;0,11,ACL,http://aclweb.org/anthology-new/P/P07/P07-1045.pdf,2007,'Conditional modality fusion for coreference resolution',inproceedings,Jacob Eisenstein;Randall Davis
conf_acl_Hayashi07,true,0;0,6,ACL,http://aclweb.org/anthology-new/P/P07/P07-2037.pdf,2007,'A linguistic service ontology for language infrastructures',inproceedings,Yoshihiko Hayashi
conf_acl_Ng07,true,0;0,65,ACL,http://aclweb.org/anthology-new/P/P07/P07-1068.pdf,2007,'Semantic class induction and coreference resolution',inproceedings,Vincent Ng
conf_acl_ShapiroN82,true,0;0,15,ACL,http://aclweb.org/anthology-new/P/P82/P82-1031.pdf,1982,'A knowledge engineering approach to natural language understanding',inproceedings,Stuart C. Shapiro;Jeannette G. Neal
conf_acl_AyusoSW87,true,0;0,27,ACL,http://aclweb.org/anthology-new/P/P87/P87-1005.pdf,1987,'An environment for acquiring semantic information',inproceedings,Damaris M. Ayuso;Varda Shaked;Ralph M. Weischedel
conf_acl_Klenner07,true,0;0,6,ACL,http://aclweb.org/anthology-new/P/P07/P07-2051.pdf,2007,'Shallow dependency labeling',inproceedings,Manfred Klenner
conf_acl_Hobbs83,true,0;0,101,ACL,http://aclweb.org/anthology-new/P/P83/P83-1009.pdf,1983,'An improper treatment of quantification in ordinary english',inproceedings,Jerry R. Hobbs
conf_acl_Church86,true,0;0,-1,ACL,http://aclweb.org/anthology-new/P/P86/P86-1023.pdf,1986,'Morphoogicai decomposition and stress assignment for speech synthesis',inproceedings,Kenneth Church
conf_acl_KollerS02,true,0;0,70,ACL,http://www.aclweb.org/anthology/P02-1003.pdf,2002,'Generation as dependency parsing',inproceedings,Alexander Koller;Kristina Striegnitz
conf_acl_ConklinM82,true,0;0,61,ACL,http://aclweb.org/anthology-new/P/P82/P82-1030.pdf,1982,'Salience: the key to the selection problem in natural language generation',inproceedings,E. Jeffrey Conklin;David D. McDonald
conf_acl_Grishman81,true,0;0,-1,ACL,http://aclweb.org/anthology-new/P/P81/P81-1022.pdf,1981,'Parsing',inproceedings,Ralph Grishman
conf_acl_BangaloreHK07,true,0;0,61,ACL,http://aclweb.org/anthology-new/P/P07/P07-1020.pdf,2007,'Statistical machine translation through global lexical selection and sentence reconstruction',inproceedings,Srinivas Bangalore;Patrick Haffner;Stephan Kanthak
conf_acl_LiL02,true,0;0,119,ACL,http://www.aclweb.org/anthology/P02-1044.pdf,2002,'Word translation disambiguation using bilingual bootstrapping',inproceedings,Cong Li;Hang Li
conf_acl_ChanNC07,true,0;0,289,ACL,http://aclweb.org/anthology-new/P/P07/P07-1005.pdf,2007,'Word sense disambiguation improves statistical machine translation',inproceedings,Yee Seng Chan;Hwee Tou Ng;David Chiang
conf_acl_Scherrer07,true,0;0,17,ACL,http://aclweb.org/anthology-new/P/P07/P07-3010.pdf,2007,'Adaptive string distance measures for bilingual dialect lexicon induction',inproceedings,Yves Scherrer
conf_acl_GhoseIS07,true,0;0,153,ACL,http://aclweb.org/anthology-new/P/P07/P07-1053.pdf,2007,'Opinion mining using econometrics: a case study on reputation systems',inproceedings,Anindya Ghose;Panagiotis G. Ipeirotis;Arun Sundararajan
conf_acl_BoschB02,true,0;0,32,ACL,http://www.aclweb.org/anthology/P02-1055.pdf,2002,'Shallow parsing on the basis of words only: a case study',inproceedings,Antal van den Bosch;Sabine Buchholz
conf_acl_Warren83,true,0;0,-1,ACL,http://aclweb.org/anthology-new/P/P83/P83-1008.pdf,1983,'Using x-calculus to represent meanings in logic grammars',inproceedings,David Scott Warren
conf_acl_Lee07,true,0;0,31,ACL,http://aclweb.org/anthology-new/P/P07/P07-1060.pdf,2007,'A computational model of text reuse in ancient literary texts',inproceedings,John Lee
conf_acl_KoehnHBCFBCSMZDBCH07,true,0;0,4129,ACL,http://aclweb.org/anthology-new/P/P07/P07-2045.pdf,2007,'Moses: open source toolkit for statistical machine translation',inproceedings,Philipp Koehn;Hieu Hoang;Alexandra Birch;Chris Callison-Burch;Marcello Federico;Nicola Bertoldi;Brooke Cowan;Wade Shen;Christine Moran;Richard Zens;Chris Dyer;Ondrej Bojar;Alexandra Constantin;Evan Herbst
conf_acl_WanYX07,true,0;0,162,ACL,http://aclweb.org/anthology-new/P/P07/P07-1070.pdf,2007,'Towards an iterative reinforcement approach for simultaneous document summarization and keyword extraction',inproceedings,Xiaojun Wan;Jianwu Yang;Jianguo Xiao
conf_acl_FinkelGM07,true,0;0,-1,ACL,http://aclweb.org/anthology-new/P/P07/P07-1035.pdf,2007,'The infinite tree',inproceedings,Jenny Rose Finkel;Trond Grenager;Christopher D. Manning
conf_acl_RiezlerKKCMJ02,true,0;0,-1,ACL,http://www.aclweb.org/anthology/P02-1035.pdf,2002,'Parsing the wall street journal using a lexical-functional grammar and discriminative estimation techniques',inproceedings,Stefan Riezler;Tracy Holloway King;Ronald M. Kaplan;Richard S. Crouch;John T. Maxwell III;Mark Johnson
conf_acl_Appelt82,true,0;0,-1,ACL,http://aclweb.org/anthology-new/P/P82/P82-1027.pdf,1982,'Planning natural language referring expressions',inproceedings,Douglas E. Appelt
conf_acl_HendrixL81,true,0;0,-1,ACL,http://aclweb.org/anthology-new/P/P81/P81-1035.pdf,1981,'Transportable natural-language interfaces to databases',inproceedings,Gary G. Hendrix;William H. Lewis
conf_acl_MarcoS07,true,0;0,-1,ACL,http://aclweb.org/anthology-new/P/P07/P07-1114.pdf,2007,'Words and echoes: assessing and mitigating the non-randomness problem in word frequency distribution modeling',inproceedings,Marco Baroni;Stefan Evert
conf_acl_Barthelemy07,true,0;0,-1,ACL,http://aclweb.org/anthology-new/P/P07/P07-1117.pdf,2007,'Using mazurkiewicz trace languages for partition-based morphology',inproceedings,François Barthélemy
conf_acl_HaghighiK07,true,0;0,-1,ACL,http://aclweb.org/anthology-new/P/P07/P07-1107.pdf,2007,'Unsupervised coreference resolution in a nonparametric bayesian model',inproceedings,Aria Haghighi;Dan Klein
conf_acl_CohnL07,true,0;0,-1,ACL,http://aclweb.org/anthology-new/P/P07/P07-1092.pdf,2007,'Machine translation by triangulation: making effective use of multi-parallel corpora',inproceedings,Trevor Cohn;Mirella Lapata
conf_acl_Scheible07,true,0;0,-1,ACL,http://aclweb.org/anthology-new/P/P07/P07-3012.pdf,2007,'Towards a computational treatment of superlatives',inproceedings,Silke Scheible
conf_acl_Byron02,true,0;0,-1,ACL,http://www.aclweb.org/anthology/P02-1011.pdf,2002,'Resolving pronominal reference to abstract entities',inproceedings,Donna K. Byron
conf_acl_Mann81,true,0;0,-1,ACL,http://aclweb.org/anthology-new/P/P81/P81-1008.pdf,1981,'Selective planning of interface evaluations',inproceedings,William C. Mann
conf_acl_Langley82,true,0;0,-1,ACL,http://aclweb.org/anthology-new/P/P82/P82-1032.pdf,1982,'A model of early syntactic development',inproceedings,Pat Langley
conf_acl_GardentP07,true,0;0,-1,ACL,http://aclweb.org/anthology-new/P/P07/P07-2004.pdf,2007,'Semtag: a platform for specifying tree adjoining grammars and performing tag-based semantic construction',inproceedings,Claire Gardent;Yannick Parmentier 0001
conf_acl_ZhangS07,true,0;0,-1,ACL,http://aclweb.org/anthology-new/P/P07/P07-2046.pdf,2007,'Boosting statistical machine translation by lemmatization and linear interpolation',inproceedings,Ruiqiang Zhang;Eiichiro Sumita
conf_acl_BeckmanP86,true,0;0,-1,ACL,http://aclweb.org/anthology-new/P/P86/P86-1025.pdf,1986,'Japanese prosodic phrasing and intonation synthesis',inproceedings,Mary E. Beckman;Janet B. Pierrehumbert
conf_acl_WuW07,true,0;0,-1,ACL,http://aclweb.org/anthology-new/P/P07/P07-1108.pdf,2007,'Pivot language approach for phrase-based statistical machine translation',inproceedings,Hua Wu;Haifeng Wang
conf_acl_Pollack86,true,0;0,-1,ACL,http://aclweb.org/anthology-new/P/P86/P86-1032.pdf,1986,'A model of plan inference that distinguishes between the beliefs of actors and observers',inproceedings,Martha E. Pollack
conf_acl_Israel83,true,0;0,-1,ACL,http://aclweb.org/anthology-new/P/P83/P83-1005.pdf,1983,'A prolegomenon to situation semantics',inproceedings,David J. Israel
conf_acl_Correa87,true,0;0,-1,ACL,http://aclweb.org/anthology-new/P/P87/P87-1007.pdf,1987,'An attribute-grammar implementation of government-binding theory',inproceedings,Nelson Correa
conf_acl_GaborH07,true,0;0,-1,ACL,http://aclweb.org/anthology-new/P/P07/P07-3016.pdf,2007,'Clustering hungarian verbs on the basis of complementation patterns',inproceedings,Kata Gábor;Eniko Héja
conf_acl_GuptaNJ07,true,0;0,-1,ACL,http://aclweb.org/anthology-new/P/P07/P07-2049.pdf,2007,'Measuring importance and query relevance in topic-focused multi-document summarization',inproceedings,Surabhi Gupta;Ani Nenkova;Daniel Jurafsky
conf_acl_Pierrehumbert83,true,0;0,-1,ACL,http://aclweb.org/anthology-new/P/P83/P83-1013.pdf,1983,'Automatic recognition of intonation patterns',inproceedings,Janet B. Pierrehumbert
conf_acl_BranavanDB07,true,0;0,-1,ACL,http://aclweb.org/anthology-new/P/P07/P07-1069.pdf,2007,'Generating a table-of-contents',inproceedings,S. R. K. Branavan;Pawan Deshpande;Regina Barzilay
conf_acl_ChewA07,true,0;0,-1,ACL,http://aclweb.org/anthology-new/P/P07/P07-1110.pdf,2007,'Benefits of the `massively parallel rosetta stone': cross-language information retrieval with over 30 languages',inproceedings,Peter A. Chew;Ahmed Abdelali
conf_acl_WongM07,true,0;0,-1,ACL,http://aclweb.org/anthology-new/P/P07/P07-1121.pdf,2007,'Learning synchronous grammars for semantic parsing with lambda calculus',inproceedings,Yuk Wah Wong;Raymond J. Mooney
conf_acl_VaughanM86,true,0;0,-1,ACL,http://aclweb.org/anthology-new/P/P86/P86-1015.pdf,1986,'A model of revision in natural language generation',inproceedings,Marie M. Vaughan;David D. McDonald
conf_acl_HuangC07,true,0;0,-1,ACL,http://aclweb.org/anthology-new/P/P07/P07-1019.pdf,2007,'Forest rescoring: faster decoding with integrated language models',inproceedings,Liang Huang;David Chiang
conf_acl_GildeaP02,true,0;0,-1,ACL,http://www.aclweb.org/anthology/P02-1031.pdf,2002,'The necessity of parsing for predicate argument recognition',inproceedings,Daniel Gildea;Martha Stone Palmer
conf_acl_LiuN07,true,0;0,-1,ACL,http://aclweb.org/anthology-new/P/P07/P07-1027.pdf,2007,'Learning predictive structures for semantic role labeling of nombank',inproceedings,Chang Liu;Hwee Tou Ng
conf_acl_RiezlerVTML07,true,0;0,-1,ACL,http://aclweb.org/anthology-new/P/P07/P07-1059.pdf,2007,'Statistical machine translation for query expansion in answer retrieval',inproceedings,Stefan Riezler;Alexander Vasserman;Ioannis Tsochantaridis;Vibhu O. Mittal;Yi Liu
conf_acl_Moran81,true,0;0,-1,ACL,http://aclweb.org/anthology-new/P/P81/P81-1025.pdf,1981,'Presupposition and implicature in model-theoretic pragmatics',inproceedings,Douglas B. Moran
conf_acl_Hinrichs87,true,0;0,-1,ACL,http://aclweb.org/anthology-new/P/P87/P87-1002.pdf,1987,'A compositional semantics of temporal expressions in english',inproceedings,Erhard W. Hinrichs
conf_acl_GardentK07,true,0;0,-1,ACL,http://aclweb.org/anthology-new/P/P07/P07-1042.pdf,2007,'A symbolic approach to near-deterministic surface realisation using tree adjoining grammar',inproceedings,Claire Gardent;Eric Kow
conf_acl_Vijay-ShankerWJ87,true,0;0,-1,ACL,http://aclweb.org/anthology-new/P/P87/P87-1015.pdf,1987,'Characterizing structural descriptions produced by various grammatical formalisms',inproceedings,K. Vijay-Shanker;David J. Weir;Aravind K. Joshi
conf_acl_HuangSH07,true,0;0,-1,ACL,http://aclweb.org/anthology-new/P/P07/P07-2039.pdf,2007,'Automatic discovery of named entity variants: grammar-driven approaches to non-alphabetical transliterations',inproceedings,Chu-Ren Huang;Petr Simon;Shu-Kai Hsieh
conf_acl_DalandSP07,true,0;0,-1,ACL,http://aclweb.org/anthology-new/P/P07/P07-1118.pdf,2007,'Much ado about nothing: a social network model of russian paradigmatic gaps',inproceedings,Robert Daland;Andrea D. Sims;Janet B. Pierrehumbert
conf_acl_Crout81,true,0;0,-1,ACL,http://aclweb.org/anthology-new/P/P81/P81-1007.pdf,1981,'Artificial intelligence corporation',inproceedings,J. Norwood Crout
conf_acl_HsuehM07,true,0;0,-1,ACL,http://aclweb.org/anthology-new/P/P07/P07-1128.pdf,2007,'Combining multiple knowledge sources for dialogue segmentation in multimedia archives',inproceedings,Pei-yun Hsueh;Johanna D. Moore
conf_acl_FortAR07,true,0;0,-1,ACL,http://aclweb.org/anthology-new/P/P07/P07-2015.pdf,2007,'Support vector machines for query-focused summarization trained and evaluated on pyramid data',inproceedings,María Fuentes Fort;Enrique Alfonseca;Horacio Rodríguez
conf_acl_Passonneau87,true,0;0,-1,ACL,http://aclweb.org/anthology-new/P/P87/P87-1003.pdf,1987,'Situations and intervals',inproceedings,Rebecca J. Passonneau
conf_acl_ShinnouS07,true,0;0,-1,ACL,http://aclweb.org/anthology-new/P/P07/P07-2020.pdf,2007,'Ensemble document clustering using weighted hypergraph generated by nmf',inproceedings,Hiroyuki Shinnou;Minoru Sasaki
conf_acl_HuangSHP07,true,0;0,-1,ACL,http://aclweb.org/anthology-new/P/P07/P07-2018.pdf,2007,"'Rethinking chinese word segmentation: tokenization, character classification, or wordbreak identification'",inproceedings,Chu-Ren Huang;Petr Simon;Shu-Kai Hsieh;Laurent Prévot
conf_acl_ArensGP87,true,0;0,-1,ACL,http://aclweb.org/anthology-new/P/P87/P87-1009.pdf,1987,'Phrasal analysis of long noun sequences',inproceedings,Yigal Arens;John J. Granacki;Alice C. Parker
conf_acl_Allen81,true,0;0,-1,ACL,http://aclweb.org/anthology-new/P/P81/P81-1017.pdf,1981,'What's necessary to hide?: modeling action verbs',inproceedings,James F. Allen
conf_acl_Palmer81,true,0;0,-1,ACL,http://aclweb.org/anthology-new/P/P81/P81-1029.pdf,1981,'A case for rule-driven semantic processing',inproceedings,Martha Palmer
conf_acl_HirschbergP86,true,0;0,-1,ACL,http://aclweb.org/anthology-new/P/P86/P86-1021.pdf,1986,'The intonational structuring of discourse',inproceedings,Julia Hirschberg;Janet B. Pierrehumbert
conf_acl_BabychHSM07,true,0;0,-1,ACL,http://aclweb.org/anthology-new/P/P07/P07-1018.pdf,2007,'Assisting translators in indirect lexical transfer',inproceedings,Bogdan Babych;Anthony Hartley;Serge Sharoff;Olga Mudraya
conf_acl_Manaster-Ramer86,true,0;0,-1,ACL,http://aclweb.org/anthology-new/P/P86/P86-1014.pdf,1986,"'Copying in natural languages, context-freeness, and queue grammars'",inproceedings,Alexis Manaster-Ramer
conf_acl_LiLZLZG07,true,0;0,-1,ACL,http://aclweb.org/anthology-new/P/P07/P07-1091.pdf,2007,'A probabilistic approach to syntax-based reordering for statistical machine translation',inproceedings,Chi-Ho Li;Minghui Li;Dongdong Zhang;Mu Li;Ming Zhou;Yi Guan
conf_acl_Hendrix86,true,0;0,-1,ACL,http://aclweb.org/anthology-new/P/P86/P86-1002.pdf,1986,'Bringing natural language processing to the microcomputer market: the story of q&a',inproceedings,Gary G. Hendrix
conf_acl_YamamotoI07,true,0;0,-1,ACL,http://aclweb.org/anthology-new/P/P07/P07-2036.pdf,2007,'Extracting word sets with non-taxonomical relation',inproceedings,Eiko Yamamoto;Hitoshi Isahara
conf_acl_Kanazawa07,true,0;0,-1,ACL,http://aclweb.org/anthology-new/P/P07/P07-1023.pdf,2007,'Parsing and generation as datalog queries',inproceedings,Makoto Kanazawa
conf_acl_Penn02,true,0;0,-1,ACL,http://www.aclweb.org/anthology/P02-1009.pdf,2002,'Generalized encoding of description spaces and its application to typed feature structures',inproceedings,Gerald Penn
conf_acl_ZhangC07,true,0;0,-1,ACL,http://aclweb.org/anthology-new/P/P07/P07-1106.pdf,2007,'Chinese segmentation with a word-based perceptron algorithm',inproceedings,Yue Zhang 0004;Stephen Clark
conf_acl_Johnson07,true,0;0,-1,ACL,http://aclweb.org/anthology-new/P/P07/P07-1022.pdf,2007,'Transforming projective bilexical dependency grammars into efficiently-parsable cfgs with unfold-fold',inproceedings,Mark Johnson
conf_acl_PuurulaK07,true,0;0,-1,ACL,http://aclweb.org/anthology-new/P/P07/P07-1012.pdf,2007,'Vocabulary decomposition for estonian open vocabulary speech recognition',inproceedings,Antti Puurula;Mikko Kurimo
conf_acl_Naughton07,true,0;0,-1,ACL,http://aclweb.org/anthology-new/P/P07/P07-3006.pdf,2007,'Exploiting structure for event discovery using the mdi algorithm',inproceedings,Martina Naughton
conf_acl_Miller82,true,0;0,-1,ACL,http://aclweb.org/anthology-new/P/P82/P82-1038.pdf,1982,"'""natural language texts are not necessarily grammatical and unambiguous or even complete.""'",inproceedings,Lance A. Miller
conf_acl_Kasper86,true,0;0,-1,ACL,http://aclweb.org/anthology-new/P/P86/P86-1038.pdf,1986,'A logical semantics for feature structures',inproceedings,Robert T. Kasper
conf_acl_MaSW07,true,0;0,-1,ACL,http://aclweb.org/anthology-new/P/P07/P07-1039.pdf,2007,'Bootstrapping word alignment via word packing',inproceedings,Yanjun Ma;Nicolas Stroppa;Andy Way
conf_acl_Kashket86,true,0;0,-1,ACL,http://aclweb.org/anthology-new/P/P86/P86-1010.pdf,1986,'Parsing a free-word order language: warlpiri',inproceedings,Michael B. Kashket
conf_acl_BoguraevBCCG87,true,0;0,-1,ACL,http://aclweb.org/anthology-new/P/P87/P87-1027.pdf,1987,'The derivation of a grammatically indexed lexicon from the longman dictionary of contemporary english',inproceedings,Branimir Boguraev;Ted Briscoe;John A. Carroll;David M. Carter;Claire Grover
conf_acl_DiabR02,true,0;0,-1,ACL,http://www.aclweb.org/anthology/P02-1033.pdf,2002,'An unsupervised method for word sense tagging using parallel corpora',inproceedings,Mona T. Diab;Philip Resnik
conf_acl_Barton86a,true,0;0,-1,ACL,http://aclweb.org/anthology-new/P/P86/P86-1009.pdf,1986,'Computational complexity in two-level morphology',inproceedings,G. Edward Barton Jr.
conf_acl_BatesI81,true,0;0,-1,ACL,http://aclweb.org/anthology-new/P/P81/P81-1034.pdf,1981,'Controlled transformational sentence generation',inproceedings,Madeleine Bates;Robert Ingria
conf_acl_Mays83,true,0;0,-1,ACL,http://aclweb.org/anthology-new/P/P83/P83-1006.pdf,1983,'A modal temporal logic for reasoning about change',inproceedings,Eric Mays
conf_acl_RychlyK07,true,0;0,-1,ACL,http://aclweb.org/anthology-new/P/P07/P07-2011.pdf,2007,'An efficient algorithm for building a distributional thesaurus (and other sketch engine developments)',inproceedings,Pavel Rychlý;Adam Kilgarriff
conf_acl_DeschachtM07,true,0;0,-1,ACL,http://aclweb.org/anthology-new/P/P07/P07-1126.pdf,2007,'Text analysis for automatic image annotation',inproceedings,Koen Deschacht;Marie-Francine Moens
conf_acl_NgG02,true,0;0,-1,ACL,http://www.aclweb.org/anthology/P02-1014.pdf,2002,'Improving machine learning approaches to coreference resolution',inproceedings,Vincent Ng;Claire Gardent
conf_acl_KarimiTS07,true,0;0,-1,ACL,http://aclweb.org/anthology-new/P/P07/P07-1081.pdf,2007,'Corpus effects on the evaluation of automated transliteration systems',inproceedings,Sarvnaz Karimi;Andrew Turpin;Falk Scholer
conf_acl_GuindonC86,true,0;0,-1,ACL,http://aclweb.org/anthology-new/P/P86/P86-1034.pdf,1986,'The structure of user-adviser dialogues: is there method in their madness?',inproceedings,Raymonde Guindon;Joyce Conner
conf_acl_MoensS87,true,0;0,-1,ACL,http://aclweb.org/anthology-new/P/P87/P87-1001.pdf,1987,'Temporal ontology in natural language',inproceedings,Marc Moens;Mark Steedman
conf_acl_Waltz86,true,0;0,-1,ACL,http://aclweb.org/anthology-new/P/P86/P86-1028.pdf,1986,'Connectionist models for natural language processing program',inproceedings,David L. Waltz
conf_acl_JiangZ07,true,0;0,-1,ACL,http://aclweb.org/anthology-new/P/P07/P07-1034.pdf,2007,'Instance weighting for domain adaptation in nlp',inproceedings,Jing Jiang;ChengXiang Zhai
conf_acl_ChanN07,true,0;0,-1,ACL,http://aclweb.org/anthology-new/P/P07/P07-1007.pdf,2007,'Domain adaptation with active learning for word sense disambiguation',inproceedings,Yee Seng Chan;Hwee Tou Ng
conf_acl_JohnstonBVSEWWM02,true,0;0,-1,ACL,http://www.aclweb.org/anthology/P02-1048.pdf,2002,'Match: an architecture for multimodal dialogue systems',inproceedings,Michael Johnston;Srinivas Bangalore;Gunaranjan Vasireddy;Amanda Stent;Patrick Ehlen;Marilyn A. Walker;Steve Whittaker;Preetam Maloor
conf_acl_BrennanFP87,true,0;0,-1,ACL,http://aclweb.org/anthology-new/P/P87/P87-1022.pdf,1987,'A centering approach to pronouns',inproceedings,Susan E. Brennan;Marilyn W. Friedman;Carl Pollard
conf_acl_Ristad86a,true,0;0,-1,ACL,http://aclweb.org/anthology-new/P/P86/P86-1007.pdf,1986,'Defining natural language grammars in gpsg',inproceedings,Eric Sven Ristad
conf_acl_ReichartR07a,true,0;0,-1,ACL,http://aclweb.org/anthology-new/P/P07/P07-1078.pdf,2007,'Self-training for enhancement and domain adaptation of statistical parsers trained on small datasets',inproceedings,Roi Reichart;Ari Rappoport
conf_acl_DandapatSB07,true,0;0,-1,ACL,http://aclweb.org/anthology-new/P/P07/P07-2056.pdf,2007,'Automatic part-of-speech tagging for bengali: an approach for morphologically rich languages in a poor resource scenario',inproceedings,Sandipan Dandapat;Sudeshna Sarkar;Anupam Basu
conf_acl_LiSKD07,true,0;0,-1,ACL,http://aclweb.org/anthology-new/P/P07/P07-1016.pdf,2007,'Semantic transliteration of personal names',inproceedings,Haizhou Li;Khe Chai Sim;Jin-Shea Kuo;Minghui Dong
conf_acl_FisherR07,true,0;0,-1,ACL,http://aclweb.org/anthology-new/P/P07/P07-1062.pdf,2007,'The utility of parse-derived features for automatic discourse segmentation',inproceedings,Seeger Fisher;Brian Roark
conf_acl_JingKR07,true,0;0,-1,ACL,http://aclweb.org/anthology-new/P/P07/P07-1131.pdf,2007,'Extracting social networks and biographical facts from conversational speech transcripts',inproceedings,Hongyan Jing;Nanda Kambhatla;Salim Roukos
conf_acl_WeischedelS82,true,0;0,-1,ACL,http://aclweb.org/anthology-new/P/P82/P82-1016.pdf,1982,'An improved heuristic for ellipsis processing',inproceedings,Ralph M. Weischedel;Norman K. Sondheimer
conf_acl_GoldbergE07,true,0;0,-1,ACL,http://aclweb.org/anthology-new/P/P07/P07-1029.pdf,2007,'Svm model tampering and anchored learning: a case study in hebrew np chunking',inproceedings,Yoav Goldberg;Michael Elhadad
conf_acl_SunLCZXLL07,true,0;0,-1,ACL,http://aclweb.org/anthology-new/P/P07/P07-1011.pdf,2007,'Detecting erroneous sentences using automatically mined sequential patterns',inproceedings,Guihua Sun;Xiaohua Liu;Gao Cong;Ming Zhou;Zhongyang Xiong;John Lee;Chin-Yew Lin
conf_acl_Hays82,true,0;0,-1,ACL,http://aclweb.org/anthology-new/P/P82/P82-1019.pdf,1982,'2002: another score',inproceedings,David G. Hays
conf_acl_TangLR02,true,0;0,-1,ACL,http://www.aclweb.org/anthology/P02-1016.pdf,2002,'Active learning for statistical natural language parsing',inproceedings,Min Tang;Xiaoqiang Luo;Salim Roukos
conf_acl_Grishman86,true,0;0,-1,ACL,http://aclweb.org/anthology-new/P/P86/P86-1001.pdf,1986,'Tutorial abstracts',inproceedings,Ralph Grishman
conf_acl_CimianoW07,true,0;0,-1,ACL,http://aclweb.org/anthology-new/P/P07/P07-1112.pdf,2007,'Automatic acquisition of ranked qualia structures from the web',inproceedings,Philipp Cimiano;Johanna Wenderoth
conf_acl_Turney02,true,0;0,-1,ACL,http://www.aclweb.org/anthology/P02-1053.pdf,2002,'Thumbs up or thumbs down? semantic orientation applied to unsupervised classification of reviews',inproceedings,Peter D. Turney
conf_acl_Al-OnaizanK02,true,0;0,-1,ACL,http://www.aclweb.org/anthology/P02-1051.pdf,2002,'Translating named entities using monolingual and bilingual resources',inproceedings,Yaser Al-Onaizan;Kevin Knight
conf_acl_Eisner02a,true,0;0,-1,ACL,http://www.aclweb.org/anthology/P02-1008.pdf,2002,'Phonological comprehension and the compilation of optimality theory',inproceedings,Jason Eisner
conf_acl_CregoM07,true,0;0,-1,ACL,http://aclweb.org/anthology-new/P/P07/P07-2054.pdf,2007,'Extending marie: an n-gram-based smt decoder',inproceedings,Josep Maria Crego;José B. Mariño
conf_acl_DyerZ86,true,0;0,-1,ACL,http://aclweb.org/anthology-new/P/P86/P86-1017.pdf,1986,'Encoding and acquiring meanings for figurative phrases',inproceedings,Michael G. Dyer;Uri Zernik
conf_acl_Seaghdha07,true,0;0,-1,ACL,http://aclweb.org/anthology-new/P/P07/P07-3013.pdf,2007,'Annotating and learning compound noun semantics',inproceedings,Diarmuid Ó Séaghdha
conf_acl_KoMN07,true,0;0,-1,ACL,http://aclweb.org/anthology-new/P/P07/P07-1099.pdf,2007,'Language-independent probabilistic answer ranking for question answering',inproceedings,Jeongwoo Ko;Teruko Mitamura;Eric Nyberg
conf_acl_ClarkC07,true,0;0,-1,ACL,http://aclweb.org/anthology-new/P/P07/P07-1032.pdf,2007,'Formalism-independent parser evaluation with ccg and depbank',inproceedings,Stephen Clark;James R. Curran
conf_acl_JanusP07,true,0;0,-1,ACL,http://aclweb.org/anthology-new/P/P07/P07-2022.pdf,2007,'Poliqarp: an open source corpus indexer and search engine with syntactic extensions',inproceedings,Daniel Janus;Adam Przepiórkowski
conf_acl_OkumuraINAA07,true,0;0,-1,ACL,http://aclweb.org/anthology-new/P/P07/P07-2003.pdf,2007,'Multimedia blog creation system using dialogue with intelligent robot',inproceedings,Akitoshi Okumura;Takahiro Ikeda;Toshihiro Nishizawa;Shinichi Ando;Fumihiro Adachi
conf_acl_UeffingHS07,true,0;0,-1,ACL,http://aclweb.org/anthology-new/P/P07/P07-1004.pdf,2007,'Transductive learning for statistical machine translation',inproceedings,Nicola Ueffing;Gholamreza Haffari;Anoop Sarkar
conf_acl_Pakhomov02,true,0;0,-1,ACL,http://www.aclweb.org/anthology/P02-1021.pdf,2002,'Semi-supervised maximum entropy based approach to acronym and abbreviation normalization in medical texts',inproceedings,Sergey V. Pakhomov
conf_acl_Kaplan81,true,0;0,-1,ACL,http://aclweb.org/anthology-new/P/P81/P81-1023.pdf,1981,'A view of parsing',inproceedings,Ronald M. Kaplan
conf_acl_Hindle83,true,0;0,-1,ACL,http://aclweb.org/anthology-new/P/P83/P83-1019.pdf,1983,'Deterministic parsing of syntactic non-fluencies',inproceedings,Donald Hindle
conf_acl_ChieuN02,true,0;0,-1,ACL,http://www.aclweb.org/anthology/P02-1061.pdf,2002,'Teaching a weaker classifier: named entity recognition on upper case text',inproceedings,Hai Leong Chieu;Hwee Tou Ng
conf_acl_Cramer07,true,0;0,-1,ACL,http://aclweb.org/anthology-new/P/P07/P07-3008.pdf,2007,'Limitations of current grammar induction algorithms',inproceedings,Bart Cramer
conf_acl_SetiawanKL07,true,0;0,-1,ACL,http://aclweb.org/anthology-new/P/P07/P07-1090.pdf,2007,'Ordering phrases with function words',inproceedings,Hendra Setiawan;Min-Yen Kan;Haizhou Li
conf_acl_MuresanR07,true,0;0,-1,ACL,http://aclweb.org/anthology-new/P/P07/P07-1105.pdf,2007,'Grammar approximation by representative sublanguage: a new model for language learning',inproceedings,Smaranda Muresan;Owen Rambow
conf_acl_Hayes81,true,0;0,-1,ACL,http://aclweb.org/anthology-new/P/P81/P81-1033.pdf,1981,'A construction-specific approach to focused interaction in flexible parsing',inproceedings,Philip J. Hayes
conf_acl_GenzelC02,true,0;0,-1,ACL,http://www.aclweb.org/anthology/P02-1026.pdf,2002,'Entropy rate constancy in text',inproceedings,Dmitriy Genzel;Eugene Charniak
conf_acl_Erk07,true,0;0,-1,ACL,http://aclweb.org/anthology-new/P/P07/P07-1028.pdf,2007,"'A simple, similarity-based model for selectional preferences'",inproceedings,Katrin Erk
conf_acl_CollinsD02,true,0;0,-1,ACL,http://www.aclweb.org/anthology/P02-1034.pdf,2002,"'New ranking algorithms for parsing and tagging: kernels over discrete structures, and the voted perceptron'",inproceedings,Michael Collins;Nigel Duffy
conf_acl_Popescu-BelisE07,true,0;0,-1,ACL,http://aclweb.org/anthology-new/P/P07/P07-2024.pdf,2007,'Generating usable formats for metadata and annotations in a large meeting corpus',inproceedings,Andrei Popescu-Belis;Paula Estrella
conf_acl_DaumeC07,true,0;0,-1,ACL,http://aclweb.org/anthology-new/P/P07/P07-1009.pdf,2007,'A bayesian model for discovering typological implications',inproceedings,Hal Daumé III;Lyle Campbell
conf_acl_MuellerRS02,true,0;0,-1,ACL,http://www.aclweb.org/anthology/P02-1045.pdf,2002,'Applying co-training to reference resolution',inproceedings,Christoph Müller 0002;Stefan Rapp;Michael Strube 0001
conf_acl_WeirVJ86,true,0;0,-1,ACL,http://aclweb.org/anthology-new/P/P86/P86-1011.pdf,1986,'The relationship between tree adjoining grammars and head grammarst',inproceedings,David J. Weir;K. Vijay-Shanker;Aravind K. Joshi
conf_acl_Moran82,true,0;0,-1,ACL,http://aclweb.org/anthology-new/P/P82/P82-1003.pdf,1982,'The representation of inconsistent information in a dynamic model-theoretic semantics',inproceedings,Douglas B. Moran
conf_acl_DembergSM07,true,0;0,-1,ACL,http://aclweb.org/anthology-new/P/P07/P07-1013.pdf,2007,'Phonological constraints and morphological preprocessing for grapheme-to-phoneme conversion',inproceedings,Vera Demberg;Helmut Schmid;Gregor Möhler
conf_acl_Johnson02,true,0;0,-1,ACL,http://www.aclweb.org/anthology/P02-1018.pdf,2002,'A simple pattern-matching algorithm for recovering empty nodes and their antecedents',inproceedings,Mark Johnson
conf_acl_TalbotO07,true,0;0,-1,ACL,http://aclweb.org/anthology-new/P/P07/P07-1065.pdf,2007,'Randomised language modelling for statistical machine translation',inproceedings,David Talbot;Miles Osborne
conf_acl_HassanSW07,true,0;0,-1,ACL,http://aclweb.org/anthology-new/P/P07/P07-1037.pdf,2007,'Supertagged phrase-based statistical machine translation',inproceedings,Hany Hassan;Khalil Sima'an;Andy Way
conf_acl_AlbrechtH07,true,0;0,-1,ACL,http://aclweb.org/anthology-new/P/P07/P07-1038.pdf,2007,'Regression for sentence-level mt evaluation with pseudo references',inproceedings,Joshua Albrecht;Rebecca Hwa
conf_acl_GaoAJT07,true,0;0,-1,ACL,http://aclweb.org/anthology-new/P/P07/P07-1104.pdf,2007,'A comparative study of parameter estimation methods for statistical natural language processing',inproceedings,Jianfeng Gao;Galen Andrew;Mark Johnson;Kristina Toutanova
conf_acl_KleinM02,true,0;0,-1,ACL,http://www.aclweb.org/anthology/P02-1017.pdf,2002,'A generative constituent-context model for improved grammar induction',inproceedings,Dan Klein;Christopher D. Manning
conf_acl_MairesseW07,true,0;0,-1,ACL,http://aclweb.org/anthology-new/P/P07/P07-1063.pdf,2007,'Personage: personality generation for dialogue',inproceedings,François Mairesse;Marilyn A. Walker
conf_acl_HockenmaierS02,true,0;0,-1,ACL,http://www.aclweb.org/anthology/P02-1043.pdf,2002,'Generative models for statistical parsing with combinatory categorial grammar',inproceedings,Julia Hockenmaier;Mark Steedman
conf_acl_CollobertW07,true,0;0,-1,ACL,http://aclweb.org/anthology-new/P/P07/P07-1071.pdf,2007,'Fast semantic extraction using a novel neural network architecture',inproceedings,Ronan Collobert;Jason Weston
conf_acl_MuttonDWD07,true,0;0,-1,ACL,http://aclweb.org/anthology-new/P/P07/P07-1044.pdf,2007,'Gleu: automatic evaluation of sentence-level fluency',inproceedings,Andrew Mutton;Mark Dras;Stephen Wan;Robert Dale
conf_acl_Ponvert07,true,0;0,-1,ACL,http://aclweb.org/anthology-new/P/P07/P07-3002.pdf,2007,'Inducing combinatory categorial grammars with genetic algorithms',inproceedings,Elias Ponvert
conf_acl_Brody07,true,0;0,-1,ACL,http://aclweb.org/anthology-new/P/P07/P07-1057.pdf,2007,'Clustering clauses for high-level relation detection: an information-theoretic approach',inproceedings,Samuel Brody
conf_acl_Daume07,true,0;0,-1,ACL,http://aclweb.org/anthology-new/P/P07/P07-1033.pdf,2007,'Frustratingly easy domain adaptation',inproceedings,Hal Daumé III
conf_acl_CloughGPW02,true,0;0,-1,ACL,http://www.aclweb.org/anthology/P02-1020.pdf,2002,'Meter: measuring text reuse',inproceedings,Paul D. Clough;Robert J. Gaizauskas;Scott S. L. Piao;Yorick Wilks
conf_acl_ShimazuNN87,true,0;0,-1,ACL,http://aclweb.org/anthology-new/P/P87/P87-1018.pdf,1987,'Semantic structure analysis of japanese noun phrases with adnominal particles',inproceedings,Akira Shimazu;Shozo Naito;Hirosato Nomura
conf_acl_Roark02,true,0;0,-1,ACL,http://www.aclweb.org/anthology/P02-1037.pdf,2002,'Markov parsing: lattice rescoring with a statistical parser',inproceedings,Brian Roark
conf_acl_Sanders07,true,0;0,-1,ACL,http://aclweb.org/anthology-new/P/P07/P07-3000.pdf,2007,'Measuring syntactic difference in british english',inproceedings,Nathan C. Sanders
conf_acl_Perrault83,true,0;0,-1,ACL,http://aclweb.org/anthology-new/P/P83/P83-1015.pdf,1983,'On the mathematical properties of linguistic theories',inproceedings,C. Raymond Perrault
conf_acl_KuLC07,true,0;0,-1,ACL,http://aclweb.org/anthology-new/P/P07/P07-2023.pdf,2007,'Test collection selection and gold standard generation for a multiply-annotated opinion corpus',inproceedings,Lun-Wei Ku;Yong-Sheng Lo;Hsin-Hsi Chen
conf_acl_Keown82,true,0;0,-1,ACL,http://aclweb.org/anthology-new/P/P82/P82-1028.pdf,1982,'The text system for natural language generation: an overview',inproceedings,Kathleen R. McKeown
conf_acl_Thompson82,true,0;0,-1,ACL,http://aclweb.org/anthology-new/P/P82/P82-1039.pdf,1982,'Solutions to issues depend on the knowledge representation',inproceedings,Frederick B. Thompson
conf_acl_Yngve82,true,0;0,-1,ACL,http://aclweb.org/anthology-new/P/P82/P82-1018.pdf,1982,'Our double anniversary',inproceedings,Victor H. Yngve
conf_acl_LiuHLL07,true,0;0,-1,ACL,http://aclweb.org/anthology-new/P/P07/P07-1089.pdf,2007,'Forest-to-string statistical translation rules',inproceedings,Yang Liu 0005;Yun Huang;Qun Liu;Shouxun Lin
conf_acl_Mann81a,true,0;0,-1,ACL,http://aclweb.org/anthology-new/P/P81/P81-1012.pdf,1981,'Two discourse generators',inproceedings,William C. Mann
conf_acl_Nozohoor-Farshi87,true,0;0,-1,ACL,http://aclweb.org/anthology-new/P/P87/P87-1017.pdf,1987,'Context-freeness of the language accepted by marcus' parser',inproceedings,R. Nozohoor-Farshi
conf_acl_DahlPP87,true,0;0,-1,ACL,http://aclweb.org/anthology-new/P/P87/P87-1019.pdf,1987,'Nominalizations in pundit',inproceedings,Deborah A. Dahl;Martha Stone Palmer;Rebecca J. Passonneau
conf_acl_Schiehlen02,true,0;0,-1,ACL,http://www.aclweb.org/anthology/P02-1010.pdf,2002,'Ellipsis resolution with underspecified scope',inproceedings,Michael Schiehlen
conf_acl_Moore81,true,0;0,-1,ACL,http://aclweb.org/anthology-new/P/P81/P81-1028.pdf,1981,'Problems in logical form',inproceedings,Robert C. Moore
conf_acl_BachenkoFW86,true,0;0,-1,ACL,http://aclweb.org/anthology-new/P/P86/P86-1022.pdf,1986,'The contribution of parsing to prosodic phrasing in an experimental text-to-speech system',inproceedings,Joan Bachenko;Eileen Fitzpatrick;C. E. Wright
conf_acl_ProbstB02,true,0;0,-1,ACL,http://www.aclweb.org/anthology/P02-1052.pdf,2002,'Using similarity scoring to improve the bilingual dictionary for sub-sentential alignment',inproceedings,Katharina Probst;Ralf D. Brown
conf_acl_Yoshii87,true,0;0,-1,ACL,http://aclweb.org/anthology-new/P/P87/P87-1004.pdf,1987,'Jetr: a robust machine translation system',inproceedings,Rika Yoshii
conf_acl_Slocum81,true,0;0,-1,ACL,http://aclweb.org/anthology-new/P/P81/P81-1001.pdf,1981,'A practical comparison of parsing strategies',inproceedings,Jonathan Slocum
conf_acl_Zagibalov07,true,0;0,-1,ACL,http://aclweb.org/anthology-new/P/P07/P07-3007.pdf,2007,'Kinds of features for chinese opinionated information retrieval',inproceedings,Taras Zagibalov
conf_acl_Bobrow82,true,0;0,-1,ACL,http://aclweb.org/anthology-new/P/P82/P82-1034.pdf,1982,'Design dimensions for non-normative understanding systems',inproceedings,Robert J. Bobrow
conf_acl_CohenFS82,true,0;0,-1,ACL,http://aclweb.org/anthology-new/P/P82/P82-1005.pdf,1982,'Dependencies of discourse structure on the modality of communication: telephone vs. teletype',inproceedings,Philip R. Cohen;Scott Fertig;Kathy Starr
conf_acl_KaplanD81,true,0;0,-1,ACL,http://aclweb.org/anthology-new/P/P81/P81-1031.pdf,1981,'Interpreting natural language database updates',inproceedings,S. Jerrold Kaplan;Jim Davidson
conf_acl_Heidorn82,true,0;0,-1,ACL,http://aclweb.org/anthology-new/P/P82/P82-1015.pdf,1982,'Experience with an easily computed metric for ranking alternative parses',inproceedings,George E. Heidorn
conf_acl_Liberman86,true,0;0,-1,ACL,http://aclweb.org/anthology-new/P/P86/P86-1026.pdf,1986,'Questions about connectionist models of natural language',inproceedings,Mark Liberman
conf_acl_WuYL07,true,0;0,-1,ACL,http://aclweb.org/anthology-new/P/P07/P07-2017.pdf,2007,'An approximate approach for training polynomial kernel svms in linear time',inproceedings,Yu-Chieh Wu;Jie-Chi Yang;Yue-Shi Lee
conf_acl_Stallard87,true,0;0,-1,ACL,http://aclweb.org/anthology-new/P/P87/P87-1025.pdf,1987,'The logical analysis of lexical ambiguity',inproceedings,David Stallard
conf_acl_OhyamaFSS86,true,0;0,-1,ACL,http://aclweb.org/anthology-new/P/P86/P86-1024.pdf,1986,'A sentence analysis method for a japanese book reading machine for the blind',inproceedings,Yutaka Ohyama;Toshikazu Fukushima;Tomoki Shutoh;Masamichi Shutoh
conf_acl_NilssonNH07,true,0;0,-1,ACL,http://aclweb.org/anthology-new/P/P07/P07-1122.pdf,2007,'Generalizing tree transformations for inductive dependency parsing',inproceedings,Jens Nilsson;Joakim Nivre;Johan Hall
conf_acl_KrochH82,true,0;0,-1,ACL,http://aclweb.org/anthology-new/P/P82/P82-1036.pdf,1982,'On the linguistic character of non-standard input',inproceedings,Anthony S. Kroch;Donald Hindle
conf_acl_ShenSJ07,true,0;0,-1,ACL,http://aclweb.org/anthology-new/P/P07/P07-1096.pdf,2007,'Guided learning for bidirectional sequence classification',inproceedings,Libin Shen;Giorgio Satta;Aravind K. Joshi
conf_acl_Petrick82,true,0;0,-1,ACL,http://aclweb.org/anthology-new/P/P82/P82-1009.pdf,1982,'Theoretical/technical issues in natural language access to databases',inproceedings,Stanley R. Petrick
conf_acl_Thompson81a,true,0;0,-1,ACL,http://aclweb.org/anthology-new/P/P81/P81-1036.pdf,1981,'Chart parsing and rule schemata in psg',inproceedings,Henry Thompson
conf_acl_Thompson83,true,0;0,-1,ACL,http://aclweb.org/anthology-new/P/P83/P83-1003.pdf,1983,'Crossed serial dependencies: a low-power parseable extension to gpsg',inproceedings,Henry Thompson
conf_acl_Muller07,true,0;0,-1,ACL,http://aclweb.org/anthology-new/P/P07/P07-1103.pdf,2007,"'Resolving it, this, and that in unrestricted multi-party dialog'",inproceedings,Christoph Müller 0002
conf_acl_Prokiae07,true,0;0,-1,ACL,http://aclweb.org/anthology-new/P/P07/P07-3011.pdf,2007,'Identifying linguistic structure in a quantitative analysis of dialect pronunciation',inproceedings,Jelena Prokiæ
conf_acl_PallottaSA07,true,0;0,-1,ACL,http://aclweb.org/anthology-new/P/P07/P07-1127.pdf,2007,'User requirements analysis for meeting information retrieval based on query elicitation',inproceedings,Vincenzo Pallotta;Violeta Seretan;Marita Ailomaa
conf_acl_Reichman81,true,0;0,-1,ACL,http://aclweb.org/anthology-new/P/P81/P81-1015.pdf,1981,'Analogies in spontaneous discourse',inproceedings,Rachel Reichman
conf_acl_RosarioHF02,true,0;0,-1,ACL,http://www.aclweb.org/anthology/P02-1032.pdf,2002,"'The descent of hierarchy, and selection in relational semantics'",inproceedings,Barbara Rosario;Marti A. Hearst;Charles J. Fillmore
conf_acl_PalmerPBS07,true,0;0,-1,ACL,http://aclweb.org/anthology-new/P/P07/P07-1113.pdf,2007,'A sequencing model for situation entity classification',inproceedings,Alexis Palmer;Elias Ponvert;Jason Baldridge;Carlota Smith
conf_acl_Andreoff81,true,0;0,-1,ACL,http://aclweb.org/anthology-new/P/P81/P81-1027.pdf,1981,'A situation semantics approach to the analysis of speech acts'',inproceedings,David Andreoff
conf_acl_AlbrechtH07a,true,0;0,-1,ACL,http://aclweb.org/anthology-new/P/P07/P07-1111.pdf,2007,'A re-examination of machine learning approaches for sentence-level mt evaluation',inproceedings,Joshua Albrecht;Rebecca Hwa
conf_acl_CaiBCL07,true,0;0,-1,ACL,http://aclweb.org/anthology-new/P/P07/P07-2025.pdf,2007,'Exploration of term dependence in sentence retrieval',inproceedings,Keke Cai;Jiajun Bu;Chun Chen;Kangmiao Liu
conf_acl_SalveterM82,true,0;0,-1,ACL,http://aclweb.org/anthology-new/P/P82/P82-1013.pdf,1982,'Natural language database updates',inproceedings,Sharon C. Salveter;David Maier
conf_acl_SmithVL07,true,0;0,-1,ACL,http://aclweb.org/anthology-new/P/P07/P07-1095.pdf,2007,'Computationally efficient m-estimation of log-linear structure models',inproceedings,Noah A. Smith;Douglas L. Vail;John D. Lafferty
conf_acl_EsuliS07,true,0;0,-1,ACL,http://aclweb.org/anthology-new/P/P07/P07-1054.pdf,2007,'Pageranking wordnet synsets: an application to opinion mining',inproceedings,Andrea Esuli;Fabrizio Sebastiani 0001
conf_acl_JohnstonDLR07,true,0;0,-1,ACL,http://aclweb.org/anthology-new/P/P07/P07-1048.pdf,2007,'A multimodal interface for access to content in the home',inproceedings,Michael Johnston;Luis Fernando D'Haro;Michelle Levine;Bernard Renger
conf_acl_RavichandranH02,true,0;0,-1,ACL,http://www.aclweb.org/anthology/P02-1006.pdf,2002,'Learning surface text patterns for a question answering system',inproceedings,Deepak Ravichandran;Eduard H. Hovy
conf_acl_KarimiST07,true,0;0,-1,ACL,http://aclweb.org/anthology-new/P/P07/P07-1082.pdf,2007,'Collapsed consonant and vowel models: new approaches for english-persian transliteration and back-transliteration',inproceedings,Sarvnaz Karimi;Falk Scholer;Andrew Turpin
conf_acl_Barton86,true,0;0,-1,ACL,http://aclweb.org/anthology-new/P/P86/P86-1008.pdf,1986,'Constraint propagation in kimmo systems',inproceedings,G. Edward Barton Jr.
conf_acl_Eisner02,true,0;0,-1,ACL,http://www.aclweb.org/anthology/P02-1001.pdf,2002,'Parameter estimation for probabilistic finite-state transducers',inproceedings,Jason Eisner
conf_acl_Sang07,true,0;0,-1,ACL,http://aclweb.org/anthology-new/P/P07/P07-2042.pdf,2007,'Extracting hypernym pairs from the web',inproceedings,Erik F. Tjong Kim Sang
conf_acl_BobrowW81,true,0;0,-1,ACL,http://aclweb.org/anthology-new/P/P81/P81-1021.pdf,1981,'Some issues in parsing and natural language understanding',inproceedings,Robert J. Bobrow;Bonnie L. Webber
conf_acl_PapineniRWZ02,true,0;0,-1,ACL,http://www.aclweb.org/anthology/P02-1040.pdf,2002,'Bleu: a method for automatic evaluation of machine translation',inproceedings,Kishore Papineni;Salim Roukos;Todd Ward;Wei-Jing Zhu
conf_acl_SherifK07,true,0;0,-1,ACL,http://aclweb.org/anthology-new/P/P07/P07-1109.pdf,2007,'Bootstrapping a stochastic transducer for arabic-english transliteration extraction',inproceedings,Tarek Sherif;Grzegorz Kondrak
conf_acl_PereiraW83,true,0;0,-1,ACL,http://aclweb.org/anthology-new/P/P83/P83-1021.pdf,1983,'Parsing as deduction',inproceedings,Fernando C. N. Pereira;David H. D. Warren
conf_acl_DeNeroK07,true,0;0,-1,ACL,http://aclweb.org/anthology-new/P/P07/P07-1003.pdf,2007,'Tailoring word alignments to syntactic machine translation',inproceedings,John DeNero;Dan Klein
conf_acl_McDonald81,true,0;0,-1,ACL,http://aclweb.org/anthology-new/P/P81/P81-1014.pdf,1981,'Language production: the source of the dictionary',inproceedings,David D. McDonald
conf_acl_RotaruL07,true,0;0,-1,ACL,http://aclweb.org/anthology-new/P/P07/P07-1046.pdf,2007,'The utility of a graphical representation of discourse structure in spoken dialogue systems',inproceedings,Mihai Rotaru;Diane J. Litman
conf_acl_Grosz82,true,0;0,-1,ACL,http://aclweb.org/anthology-new/P/P82/P82-1008.pdf,1982,'Transportable natural-language interfaces: problems and techniques',inproceedings,Barbara J. Grosz
conf_acl_DavidovRK07,true,0;0,-1,ACL,http://aclweb.org/anthology-new/P/P07/P07-1030.pdf,2007,'Fully unsupervised discovery of concept-specific relationships by web mining',inproceedings,Dmitry Davidov;Ari Rappoport;Moshe Koppel
conf_acl_VealeH07,true,0;0,-1,ACL,http://aclweb.org/anthology-new/P/P07/P07-1008.pdf,2007,'Making lexical ontologies functional and context-sensitive',inproceedings,Tony Veale;Yanfen Hao
conf_acl_Ryan81,true,0;0,-1,ACL,http://aclweb.org/anthology-new/P/P81/P81-1003.pdf,1981,'Corepresentational grammar and parsing english comparatives',inproceedings,Karen Ryan
conf_acl_Demberg07,true,0;0,-1,ACL,http://aclweb.org/anthology-new/P/P07/P07-1116.pdf,2007,'A language-independent unsupervised model for morphological segmentation',inproceedings,Vera Demberg
conf_acl_Goodman02,true,0;0,-1,ACL,http://www.aclweb.org/anthology/P02-1002.pdf,2002,'Sequential conditional generalized iterative scaling',inproceedings,Joshua Goodman
conf_acl_OchN02,true,0;0,-1,ACL,http://www.aclweb.org/anthology/P02-1038.pdf,2002,'Discriminative training and maximum entropy models for statistical machine translation',inproceedings,Franz Josef Och;Hermann Ney
conf_acl_GravanoBCHW07,true,0;0,-1,ACL,http://aclweb.org/anthology-new/P/P07/P07-1101.pdf,2007,'On the role of context and prosody in the interpretation of 'okay'',inproceedings,Agustín Gravano;Stefan Benus;Hector Chavez;Julia Hirschberg;Lauren Wilcox
conf_acl_King86,true,0;0,-1,ACL,http://aclweb.org/anthology-new/P/P86/P86-1041.pdf,1986,'Machine translation already does work',inproceedings,Margaret King
conf_acl_BernsteinN81,true,0;0,-1,ACL,http://aclweb.org/anthology-new/P/P81/P81-1004.pdf,1981,'Performance comparison of component algorithms for the phonemicization of orthography',inproceedings,Jared Bernstein;Larry Nessly
conf_acl_HalacsyKO07,true,0;0,-1,ACL,http://aclweb.org/anthology-new/P/P07/P07-2053.pdf,2007,'Poster paper: hunpos - an open source trigram tagger',inproceedings,Péter Halácsy;András Kornai;Csaba Oravecz
conf_acl_Girju07,true,0;0,-1,ACL,http://aclweb.org/anthology-new/P/P07/P07-1072.pdf,2007,'Improving the interpretation of noun phrases with cross-linguistic information',inproceedings,Roxana Girju
conf_acl_Church83,true,0;0,-1,ACL,http://aclweb.org/anthology-new/P/P83/P83-1014.pdf,1983,'A finite-state parser for use in speech recognition',inproceedings,Kenneth Ward Church
conf_acl_Jansche07,true,0;0,-1,ACL,http://aclweb.org/anthology-new/P/P07/P07-1093.pdf,2007,'A maximum expected utility framework for binary sequence labeling',inproceedings,Martin Jansche
conf_acl_YoonKS07,true,0;0,-1,ACL,http://aclweb.org/anthology-new/P/P07/P07-1015.pdf,2007,'Multilingual transliteration using feature based phonetic method',inproceedings,Su-Youn Yoon;Kyoung-Young Kim;Richard Sproat
conf_acl_Kukich83,true,0;0,-1,ACL,http://aclweb.org/anthology-new/P/P83/P83-1022.pdf,1983,'Design of a knowledge-based report generator',inproceedings,Karen Kukich
conf_acl_FriedmanV86,true,0;0,-1,ACL,http://aclweb.org/anthology-new/P/P86/P86-1012.pdf,1986,'Categorial and non-categorial languages',inproceedings,Joyce Friedman;Ramarathnam Venkatesan
conf_acl_Robinson81,true,0;0,-1,ACL,http://aclweb.org/anthology-new/P/P81/P81-1020.pdf,1981,'Perspectives on parsing issues',inproceedings,Jane J. Robinson
conf_acl_YangLC07,true,0;0,-1,ACL,http://aclweb.org/anthology-new/P/P07/P07-2034.pdf,2007,'Building emotion lexicon from weblog corpora',inproceedings,Changhua Yang;Kevin Hsin-Yih Lin;Hsin-Hsi Chen
conf_acl_Kasper87,true,0;0,-1,ACL,http://aclweb.org/anthology-new/P/P87/P87-1033.pdf,1987,'A unification method for disjunctive feature descriptions',inproceedings,Robert T. Kasper
conf_acl_SpeciaSN07,true,0;0,-1,ACL,http://aclweb.org/anthology-new/P/P07/P07-1006.pdf,2007,'Learning expressive models for word sense disambiguation',inproceedings,Lucia Specia;Mark Stevenson;Maria das Graças Volpe Nunes
conf_acl_Frederking81,true,0;0,-1,ACL,http://aclweb.org/anthology-new/P/P81/P81-1018.pdf,1981,'A rule-based conversation participant',inproceedings,Robert E. Frederking
conf_acl_HuettnerVM87,true,0;0,-1,ACL,http://aclweb.org/anthology-new/P/P87/P87-1029.pdf,1987,'Constraints on the generation of adjunct clauses',inproceedings,Alison K. Huettner;Marie M. Vaughan;David D. McDonald
conf_acl_MarcusHF83,true,0;0,-1,ACL,http://aclweb.org/anthology-new/P/P83/P83-1020.pdf,1983,'D-theory: talking about talking about trees',inproceedings,Mitchell P. Marcus;Donald Hindle;Margaret M. Fleck
conf_acl_Beek87,true,0;0,-1,ACL,http://aclweb.org/anthology-new/P/P87/P87-1030.pdf,1987,'A model for generating better explanations',inproceedings,Peter van Beek
conf_acl_White86,true,0;0,-1,ACL,http://aclweb.org/anthology-new/P/P86/P86-1039.pdf,1986,'What should machine translation be?',inproceedings,John S. White
conf_acl_AbekawaK07,true,0;0,-1,ACL,http://aclweb.org/anthology-new/P/P07/P07-2002.pdf,2007,'A translation aid system with a stratified lookup interface',inproceedings,Takeshi Abekawa;Kyo Kageura
conf_acl_Abney02,true,0;0,-1,ACL,http://www.aclweb.org/anthology/P02-1046.pdf,2002,'Bootstrapping',inproceedings,Steven P. Abney
conf_acl_CarbonellH81,true,0;0,-1,ACL,http://aclweb.org/anthology-new/P/P81/P81-1032.pdf,1981,'Dynamic strategy selection in flexible parsing',inproceedings,Jaime G. Carbonell;Philip J. Hayes
conf_acl_Kameyama86,true,0;0,-1,ACL,http://aclweb.org/anthology-new/P/P86/P86-1031.pdf,1986,'A property-sharing constraint in centering',inproceedings,Megumi Kameyama
conf_acl_SherifK07a,true,0;0,-1,ACL,http://aclweb.org/anthology-new/P/P07/P07-1119.pdf,2007,'Substring-based transliteration',inproceedings,Tarek Sherif;Grzegorz Kondrak
conf_acl_Tan07,true,0;0,-1,ACL,http://aclweb.org/anthology-new/P/P07/P07-2021.pdf,2007,'Using error-correcting output codes with model-refinement to boost centroid text classifier',inproceedings,Songbo Tan
conf_acl_LinH02,true,0;0,-1,ACL,http://www.aclweb.org/anthology/P02-1058.pdf,2002,'From single to multi-document summarization',inproceedings,Chin-Yew Lin;Eduard H. Hovy
conf_acl_Scha82,true,0;0,-1,ACL,http://aclweb.org/anthology-new/P/P82/P82-1010.pdf,1982,'English words and data bases: how to bridge the gap',inproceedings,Remko J. H. Scha
conf_acl_TamLS07,true,0;0,-1,ACL,http://aclweb.org/anthology-new/P/P07/P07-1066.pdf,2007,'Bilingual-lsa based lm adaptation for spoken language translation',inproceedings,Yik-Cheung Tam;Ian R. Lane;Tanja Schultz
conf_acl_VadasC07,true,0;0,-1,ACL,http://aclweb.org/anthology-new/P/P07/P07-1031.pdf,2007,'Adding noun phrase structure to the penn treebank',inproceedings,David Vadas;James R. Curran
conf_acl_GaoZ02,true,0;0,-1,ACL,http://www.aclweb.org/anthology/P02-1023.pdf,2002,'Improving language model size reduction using better pruning criteria',inproceedings,Jianfeng Gao;Min Zhang 0006
conf_acl_HirschbergL87,true,0;0,-1,ACL,http://aclweb.org/anthology-new/P/P87/P87-1023.pdf,1987,'Now let's talk about now; identifying cue phrases intonationally',inproceedings,Julia Hirschberg;Diane J. Litman
conf_acl_CunninghamMBT02,true,0;0,-1,ACL,http://www.aclweb.org/anthology/P02-1022.pdf,2002,'A framework and graphical development environment for robust nlp tools and applications',inproceedings,Hamish Cunningham;Diana Maynard;Kalina Bontcheva;Valentin Tablan
conf_acl_MoldovanPHS02,true,0;0,-1,ACL,http://www.aclweb.org/anthology/P02-1005.pdf,2002,'Performance issues and error analysis in an open-domain question answering system',inproceedings,Dan I. Moldovan;Marius Pasca;Sanda M. Harabagiu;Mihai Surdeanu
conf_acl_GawronKLLPPSW82,true,0;0,-1,ACL,http://aclweb.org/anthology-new/P/P82/P82-1014.pdf,1982,'Processing english with a generalized phrase structure grammar',inproceedings,Jean Mark Gawron;Jonathan King;John Lamping;Egon Loebner;E. Anne Paulson;Geoffrey K. Pullum;Ivan A. Sag;Thomas Wasow
conf_acl_MerloSTA02,true,0;0,-1,ACL,http://www.aclweb.org/anthology/P02-1027.pdf,2002,'A multilingual paradigm for automatic verb classification',inproceedings,Paola Merlo;Suzanne Stevenson;Vivian Tsang;Gianluca Allaria
conf_acl_Sassano02,true,0;0,-1,ACL,http://www.aclweb.org/anthology/P02-1064.pdf,2002,'An empirical study of active learning with support vector machines for japanese word segmentation',inproceedings,Manabu Sassano
conf_acl_MedlockB07,true,0;0,-1,ACL,http://aclweb.org/anthology-new/P/P07/P07-1125.pdf,2007,'Weakly supervised learning for hedge classification in scientific literature',inproceedings,Ben Medlock;Ted Briscoe
conf_acl_Webber87,true,0;0,-1,ACL,http://aclweb.org/anthology-new/P/P87/P87-1021.pdf,1987,'The interpretation of tense in discourse',inproceedings,Bonnie L. Webber
conf_acl_MorinDTK07,true,0;0,-1,ACL,http://aclweb.org/anthology-new/P/P07/P07-1084.pdf,2007,"'Bilingual terminology mining - using brain, not brawn comparable corpora'",inproceedings,Emmanuel Morin;Béatrice Daille;Koichi Takeuchi;Kyo Kageura
conf_acl_ReitterM07,true,0;0,-1,ACL,http://aclweb.org/anthology-new/P/P07/P07-1102.pdf,2007,'Predicting success in dialogue',inproceedings,David Reitter;Johanna D. Moore
conf_acl_HiranoMK07,true,0;0,-1,ACL,http://aclweb.org/anthology-new/P/P07/P07-2040.pdf,2007,'Detecting semantic relations between named entities in text using contextual features',inproceedings,Toru Hirano;Yoshihiro Matsuo;Gen-ichiro Kikui
conf_acl_Shwartz82,true,0;0,-1,ACL,http://aclweb.org/anthology-new/P/P82/P82-1011.pdf,1982,'Problems with domain-independent natural language database access systems',inproceedings,Steven P. Shwartz
conf_acl_OkanoharaT07,true,0;0,-1,ACL,http://aclweb.org/anthology-new/P/P07/P07-1010.pdf,2007,'A discriminative language model with pseudo-negative samples',inproceedings,Daisuke Okanohara;Jun'ichi Tsujii
conf_acl_HollingsheadR07,true,0;0,-1,ACL,http://aclweb.org/anthology-new/P/P07/P07-1120.pdf,2007,'Pipeline iteration',inproceedings,Kristy Hollingshead;Brian Roark
conf_acl_CrysmannFKMNPSSUXBK02,true,0;0,-1,ACL,http://www.aclweb.org/anthology/P02-1056.pdf,2002,'An integrated archictecture for shallow and deep processing',inproceedings,Berthold Crysmann;Anette Frank;Bernd Kiefer;Stefan Mueller;Günter Neumann;Jakub Piskorski;Ulrich Schäfer;Melanie Siegel;Hans Uszkoreit;Feiyu Xu;Markus Becker;Hans-Ulrich Krieger
conf_acl_Hirst83,true,0;0,-1,ACL,http://aclweb.org/anthology-new/P/P83/P83-1010.pdf,1983,'A foundation for semantic interpretation',inproceedings,Graeme Hirst
conf_acl_HigashinakaDI07,true,0;0,-1,ACL,http://aclweb.org/anthology-new/P/P07/P07-2030.pdf,2007,'Learning to rank definitions to generate quizzes for interactive information presentation',inproceedings,Ryuichiro Higashinaka;Kohji Dohsaka;Hideki Isozaki
conf_acl_Kosy86,true,0;0,-1,ACL,http://aclweb.org/anthology-new/P/P86/P86-1013.pdf,1986,'Parsing conjunctions deterministically',inproceedings,Donald W. Kosy
conf_acl_GemanJ02,true,0;0,-1,ACL,http://www.aclweb.org/anthology/P02-1036.pdf,2002,'Dynamic programming for parsing and estimation of stochastic unification-based grammars',inproceedings,Stuart Geman;Mark Johnson
conf_acl_KollerS07,true,0;0,-1,ACL,http://aclweb.org/anthology-new/P/P07/P07-1043.pdf,2007,'Sentence generation as a planning problem',inproceedings,Alexander Koller;Matthew Stone
conf_acl_ZhuTLNZ07,true,0;0,-1,ACL,http://aclweb.org/anthology-new/P/P07/P07-1087.pdf,2007,'A unified tagging approach to text normalization',inproceedings,Conghui Zhu;Jie Tang;Hang Li;Hwee Tou Ng;Tiejun Zhao
conf_acl_MinkovTS07,true,0;0,-1,ACL,http://aclweb.org/anthology-new/P/P07/P07-1017.pdf,2007,'Generating complex morphology for machine translation',inproceedings,Einat Minkov;Kristina Toutanova;Hisami Suzuki
conf_acl_DangL07,true,0;0,-1,ACL,http://aclweb.org/anthology-new/P/P07/P07-1097.pdf,2007,"'Different structures for evaluating answers to complex questions: pyramids won't topple, and neither will human assessors'",inproceedings,Hoa Trang Dang;Jimmy J. Lin
conf_acl_TantugAO07,true,0;0,-1,ACL,http://aclweb.org/anthology-new/P/P07/P07-2048.pdf,2007,'Machine translation between turkic languages',inproceedings,A. Cüneyd Tantug;Esref Adali;Kemal Oflazer
conf_acl_Granger82,true,0;0,-1,ACL,http://aclweb.org/anthology-new/P/P82/P82-1035.pdf,1982,'Scruffy text understanding: design and implementation of 'tolerant' understanders',inproceedings,Richard H. Granger
conf_acl_LiuL07,true,0;0,-1,ACL,http://aclweb.org/anthology-new/P/P07/P07-1085.pdf,2007,'Unsupervised language model adaptation incorporating named entity information',inproceedings,Feifan Liu;Yang Liu 0004
conf_acl_Allen82,true,0;0,-1,ACL,http://aclweb.org/anthology-new/P/P82/P82-1025.pdf,1982,'Reflections on twenty years of the acl',inproceedings,Jonathan Allen
conf_acl_Barwise81,true,0;0,-1,ACL,http://aclweb.org/anthology-new/P/P81/P81-1026.pdf,1981,'Some computational aspects of situation semantics',inproceedings,Jon Barwise
conf_acl_Stock87,true,0;0,-1,ACL,http://aclweb.org/anthology-new/P/P87/P87-1008.pdf,1987,'Getting idioms into a lexicon based parser's head',inproceedings,Oliviero Stock
conf_acl_TennantRSTM83,true,0;0,-1,ACL,http://aclweb.org/anthology-new/P/P83/P83-1023.pdf,1983,'Menu-based natural language understanding',inproceedings,Harry R. Tennant;Kenneth M. Ross;Richard M. Saenz;Craig W. Thompson;James R. Miller
conf_acl_BlitzerDP07,true,0;0,-1,ACL,http://aclweb.org/anthology-new/P/P07/P07-1056.pdf,2007,"'Biographies, bollywood, boom-boxes and blenders: domain adaptation for sentiment classification'",inproceedings,John Blitzer;Mark Dredze;Fernando Pereira
conf_acl_BerwickW83,true,0;0,-1,ACL,http://aclweb.org/anthology-new/P/P83/P83-1018.pdf,1983,'Syntactic constraints and efficient parsability',inproceedings,Robert C. Berwick;Amy Weinberg
conf_acl_Lehmann82,true,0;0,-1,ACL,http://aclweb.org/anthology-new/P/P82/P82-1020.pdf,1982,'My term',inproceedings,Winfred P. Lehmann
conf_acl_CurranCB07,true,0;0,-1,ACL,http://aclweb.org/anthology-new/P/P07/P07-2009.pdf,2007,'Linguistically motivated large-scale nlp with c&c and boxer',inproceedings,James R. Curran;Stephen Clark;Johan Bos
conf_acl_AgerriBLW07,true,0;0,-1,ACL,http://aclweb.org/anthology-new/P/P07/P07-2028.pdf,2007,'On the formalization of invariant mappings for metaphor interpretation',inproceedings,Rodrigo Agerri;John A. Barnden;Mark G. Lee;Alan M. Wallington
conf_acl_WangJR07,true,0;0,-1,ACL,http://aclweb.org/anthology-new/P/P07/P07-2019.pdf,2007,'A feature based approach to leveraging context for classifying newsgroup style discussion segments',inproceedings,Yi-Chia Wang;Mahesh Joshi;Carolyn Penstein Rosé
conf_acl_MalioutovPBG07,true,0;0,-1,ACL,http://aclweb.org/anthology-new/P/P07/P07-1064.pdf,2007,'Making sense of sound: unsupervised topic segmentation over acoustic input',inproceedings,Igor Malioutov;Alex Park;Regina Barzilay;James R. Glass
conf_acl_Hall07,true,0;0,-1,ACL,http://aclweb.org/anthology-new/P/P07/P07-1050.pdf,2007,'K-best spanning tree parsing',inproceedings,Keith Hall
conf_acl_MoschittiQBM07,true,0;0,-1,ACL,http://aclweb.org/anthology-new/P/P07/P07-1098.pdf,2007,'Exploiting syntactic and shallow semantic kernels for question answer classification',inproceedings,Alessandro Moschitti;Silvia Quarteroni;Roberto Basili;Suresh Manandhar
conf_acl_TitovH07,true,0;0,-1,ACL,http://aclweb.org/anthology-new/P/P07/P07-1080.pdf,2007,'Constituent parsing with incremental sigmoid belief networks',inproceedings,Ivan Titov;James Henderson
conf_acl_MihalceaBW07,true,0;0,-1,ACL,http://aclweb.org/anthology-new/P/P07/P07-1123.pdf,2007,'Learning multilingual subjective language via cross-lingual projections',inproceedings,Rada Mihalcea;Carmen Banea;Janyce Wiebe
conf_acl_Sondheimer81,true,0;0,-1,ACL,http://aclweb.org/anthology-new/P/P81/P81-1006.pdf,1981,'Evaluation of natural language interfaces to database systems: a panel discussion',inproceedings,Norman K. Sondheimer
conf_acl_Mulloni07,true,0;0,-1,ACL,http://aclweb.org/anthology-new/P/P07/P07-3005.pdf,2007,'Automatic prediction of cognate orthography using support vector machines',inproceedings,Andrea Mulloni
conf_acl_MarcuE02,true,0;0,-1,ACL,http://www.aclweb.org/anthology/P02-1047.pdf,2002,'An unsupervised approach to recognizing discourse relations',inproceedings,Daniel Marcu;Abdessamad Echihabi
conf_acl_LiuCJ07,true,0;0,-1,ACL,http://aclweb.org/anthology-new/P/P07/P07-1047.pdf,2007,'Automated vocabulary acquisition and interpretation in multimodal conversational systems',inproceedings,Yi Liu;Joyce Yue Chai;Rong Jin
conf_acl_SproatL87,true,0;0,-1,ACL,http://aclweb.org/anthology-new/P/P87/P87-1020.pdf,1987,'Toward treating english noniinals correctly',inproceedings,Richard Sproat;Mark Y. Liberman
conf_acl_AllenF82,true,0;0,-1,ACL,http://aclweb.org/anthology-new/P/P82/P82-1004.pdf,1982,'What's in a semantic network?',inproceedings,James F. Allen;Alan M. Frisch
conf_acl_HwaRWK02,true,0;0,-1,ACL,http://www.aclweb.org/anthology/P02-1050.pdf,2002,'Evaluating translational correspondence using annotation projection',inproceedings,Rebecca Hwa;Philip Resnik;Amy Weinberg;Okan Kolak
conf_acl_Ehrlich81,true,0;0,-1,ACL,http://aclweb.org/anthology-new/P/P81/P81-1019.pdf,1981,'Search and inference strategies in pronoun resolution: an experimental study',inproceedings,Kate Ehrlich
conf_acl_YangS07,true,0;0,-1,ACL,http://aclweb.org/anthology-new/P/P07/P07-1067.pdf,2007,'Coreference resolution using semantic relatedness information from automatically discovered patterns',inproceedings,Xiaofeng Yang;Jian Su
conf_acl_Ferret07,true,0;0,-1,ACL,http://aclweb.org/anthology-new/P/P07/P07-1061.pdf,2007,'Finding document topics for improving topic segmentation',inproceedings,Olivier Ferret
conf_acl_KuhlmannM07,true,0;0,-1,ACL,http://aclweb.org/anthology-new/P/P07/P07-1021.pdf,2007,'Mildly context-sensitive dependency languages',inproceedings,Marco Kuhlmann;Mathias Möhl
conf_acl_Ristadl87,true,0;0,-1,ACL,http://aclweb.org/anthology-new/P/P87/P87-1034.pdf,1987,'Revised generalized phrase structure grammar',inproceedings,Eric Sven Ristadl
conf_acl_MarkowitzAE86,true,0;0,-1,ACL,http://aclweb.org/anthology-new/P/P86/P86-1018.pdf,1986,'Semantically significant patterns in dictionary definitions',inproceedings,Judith A. Markowitz;Thomas Ahlswede;Martha W. Evens
conf_acl_DengG07,true,0;0,-1,ACL,http://aclweb.org/anthology-new/P/P07/P07-1001.pdf,2007,'Guiding statistical word alignment models with prior knowledge',inproceedings,Yonggang Deng;Yuqing Gao
conf_acl_BunescuM07,true,0;0,-1,ACL,http://aclweb.org/anthology-new/P/P07/P07-1073.pdf,2007,'Learning to extract relations from the web using minimal supervision',inproceedings,Razvan C. Bunescu;Raymond J. Mooney
conf_acl_Smith82,true,0;0,-1,ACL,http://aclweb.org/anthology-new/P/P82/P82-1002.pdf,1982,'Linguistic and computational semantics',inproceedings,Brian Cantwell Smith
conf_acl_SagaeMT07,true,0;0,-1,ACL,http://aclweb.org/anthology-new/P/P07/P07-1079.pdf,2007,'Hpsg parsing with shallow dependency constraints',inproceedings,Kenji Sagae;Yusuke Miyao;Jun'ichi Tsujii
conf_acl_Litman86,true,0;0,-1,ACL,http://aclweb.org/anthology-new/P/P86/P86-1033.pdf,1986,'Linguistic coherence: a plan-based alternative',inproceedings,Diane J. Litman
conf_acl_DaumeM02,true,0;0,-1,ACL,http://www.aclweb.org/anthology/P02-1057.pdf,2002,'A noisy-channel model for document compression',inproceedings,Hal Daumé III;Daniel Marcu
conf_acl_YuWLHL07,true,0;0,-1,ACL,http://aclweb.org/anthology-new/P/P07/P07-1129.pdf,2007,'Topic analysis for psychiatric document retrieval',inproceedings,Liang-Chih Yu;Chung-Hsien Wu;Chin-Yew Lin;Eduard H. Hovy;Chia-Ling Lin
conf_acl_BatchelorC07,true,0;0,-1,ACL,http://aclweb.org/anthology-new/P/P07/P07-2012.pdf,2007,'Semantic enrichment of journal articles using chemical named entity recognition',inproceedings,Colin R. Batchelor;Peter T. Corbett
conf_acl_Patrick81,true,0;0,-1,ACL,http://aclweb.org/anthology-new/P/P81/P81-1009.pdf,1981,'Field testing the transformational question answering (tqa) system',inproceedings,S. R. Patrick
conf_acl_Porter87,true,0;0,-1,ACL,http://aclweb.org/anthology-new/P/P87/P87-1032.pdf,1987,'Incorporating inheritance and feature structures into a logic grammar formalism',inproceedings,Harry H. Porter
conf_acl_HastiePW02,true,0;0,-1,ACL,http://www.aclweb.org/anthology/P02-1049.pdf,2002,'What's the problem: automatically identifying problematic dialogues in darpa communicator dialogue systems',inproceedings,Helen Wright Hastie;Rashmi Prasad;Marilyn A. Walker
conf_acl_Sondheimer82,true,0;0,-1,ACL,http://aclweb.org/anthology-new/P/P82/P82-1026.pdf,1982,'On the present',inproceedings,Norman K. Sondheimer
conf_acl_DevittA07,true,0;0,-1,ACL,http://aclweb.org/anthology-new/P/P07/P07-1124.pdf,2007,'Sentiment polarity identification in financial news: a cohesion-based approach',inproceedings,Ann Devitt;Khurshid Ahmad
conf_acl_Chapin82,true,0;0,-1,ACL,http://aclweb.org/anthology-new/P/P82/P82-1024.pdf,1982,'Acl in 1977',inproceedings,Paul G. Chapin
conf_acl_SekineO07,true,0;0,-1,ACL,http://aclweb.org/anthology-new/P/P07/P07-2005.pdf,2007,'System demonstration of on-demand information extraction',inproceedings,Satoshi Sekine;Akira Oda
conf_acl_ZhouS02,true,0;0,-1,ACL,http://www.aclweb.org/anthology/P02-1060.pdf,2002,'Named entity recognition using an hmm-based chunk tagger',inproceedings,Guodong Zhou;Jian Su
conf_acl_KajiKKS02,true,0;0,-1,ACL,http://www.aclweb.org/anthology/P02-1028.pdf,2002,'Verb paraphrase based on case frame alignment',inproceedings,Nobuhiro Kaji;Daisuke Kawahara;Sadao Kurohashi;Satoshi Sato
conf_acl_Bod07,true,0;0,-1,ACL,http://aclweb.org/anthology-new/P/P07/P07-1051.pdf,2007,'Is the end of supervised parsing in sight?',inproceedings,Rens Bod
conf_acl_NakagawaKM02,true,0;0,-1,ACL,http://www.aclweb.org/anthology/P02-1063.pdf,2002,'Revision learning and its application to part-of-speech tagging',inproceedings,Tetsuji Nakagawa;Taku Kudo;Yuji Matsumoto
conf_acl_TsuchiyaPWN07,true,0;0,-1,ACL,http://aclweb.org/anthology-new/P/P07/P07-2050.pdf,2007,'Expanding indonesian-japanese small translation dictionary using a pivot language',inproceedings,Masatoshi Tsuchiya;Ayu Purwarianti;Toshiyuki Wakita;Seiichi Nakagawa
conf_acl_NakanoMEAAS07,true,0;0,-1,ACL,http://aclweb.org/anthology-new/P/P07/P07-2031.pdf,2007,'Predicting evidence of understanding by monitoring user's task manipulation in multimodal conversations',inproceedings,Yukiko Nakano;Kazuyoshi Murata;Mika Enomoto;Yoshiko Arimoto;Yasuhiro Asa;Hirohiko Sagawa
conf_acl_ReichartR07,true,0;0,-1,ACL,http://aclweb.org/anthology-new/P/P07/P07-1052.pdf,2007,'An ensemble method for selection of high quality parses',inproceedings,Roi Reichart;Ari Rappoport
conf_acl_CallawayL02,true,0;0,-1,ACL,http://www.aclweb.org/anthology/P02-1012.pdf,2002,'Pronominalization in generated discourse and dialogue',inproceedings,Charles B. Callaway;James C. Lester
conf_acl_BesemerJ87,true,0;0,-1,ACL,http://aclweb.org/anthology-new/P/P87/P87-1026.pdf,1987,'Flush: a flexible lexicon design',inproceedings,David J. Besemer;Paul S. Jacobs
conf_acl_Gardent02,true,0;0,-1,ACL,http://www.aclweb.org/anthology/P02-1013.pdf,2002,'Generating minimal definite descriptions',inproceedings,Claire Gardent
conf_acl_SpittersBZB07,true,0;0,-1,ACL,http://aclweb.org/anthology-new/P/P07/P07-1100.pdf,2007,'Learning to compose effective strategies from a library of dialogue components',inproceedings,Martijn Spitters;Marco De Boni;Jakub Zavrel;Remko Bonnema
conf_acl_Mann83,true,0;0,-1,ACL,http://aclweb.org/anthology-new/P/P83/P83-1012.pdf,1983,'An overview of the nigel text generation grammar',inproceedings,William C. Mann
conf_acl_GuptaPJ07,true,0;0,-1,ACL,http://aclweb.org/anthology-new/P/P07/P07-2027.pdf,2007,"'Disambiguating between generic and referential ""you"" in dialog'",inproceedings,Surabhi Gupta;Matthew Purver;Daniel Jurafsky
conf_acl_Rapp07,true,0;0,-1,ACL,http://aclweb.org/anthology-new/P/P07/P07-2014.pdf,2007,'Deriving an ambiguous word's part-of-speech distribution from unannotated text',inproceedings,Reinhard Rapp
conf_acl_HarperC86,true,0;0,-1,ACL,http://aclweb.org/anthology-new/P/P86/P86-1003.pdf,1986,'Time and tense in english',inproceedings,Mary P. Harper;Eugene Charniak
conf_acl_BaldridgeK02,true,0;0,-1,ACL,http://www.aclweb.org/anthology/P02-1041.pdf,2002,'Coupling ccg and hybrid logic dependency semantics',inproceedings,Jason Baldridge;Geert-Jan M. Kruijff
conf_acl_Pustejovsky87,true,0;0,-1,ACL,http://aclweb.org/anthology-new/P/P87/P87-1024.pdf,1987,'On the acquisition of lexical entries: the perceptual origin of thematic relations',inproceedings,James Pustejovsky
conf_acl_EvertB07,true,0;0,-1,ACL,http://aclweb.org/anthology-new/P/P07/P07-2008.pdf,2007,'Zipfr: word frequency modeling in r',inproceedings,Stefan Evert;Marco Baroni
conf_acl_ZhangCATZLL07,true,0;0,-1,ACL,http://aclweb.org/anthology-new/P/P07/P07-1026.pdf,2007,'A grammar-driven convolution tree kernel for semantic role classification',inproceedings,Min Zhang 0005;Wanxiang Che;AiTi Aw;Chew Lim Tan;Guodong Zhou;Ting Liu;Sheng Li
conf_acl_Warren82,true,0;0,-1,ACL,http://aclweb.org/anthology-new/P/P82/P82-1012.pdf,1982,'Issues in natural language access to databases from a logic programming perspective',inproceedings,David H. D. Warren
conf_acl_Luria87,true,0;0,-1,ACL,http://aclweb.org/anthology-new/P/P87/P87-1031.pdf,1987,'Expressing concern',inproceedings,Marc Luria
conf_acl_AjaniBLMR07,true,0;0,-1,ACL,http://aclweb.org/anthology-new/P/P07/P07-2006.pdf,2007,'Multilingual ontological analysis of european directives',inproceedings,Gianmaria Ajani;Guido Boella;Leonardo Lesmo;Alessandro Mazzei;Piercarlo Rossi
conf_acl_ToutanovaM02,true,0;0,-1,ACL,http://www.aclweb.org/anthology/P02-1019.pdf,2002,'Pronunciation modeling for improved spelling correction',inproceedings,Kristina Toutanova;Robert C. Moore
conf_acl_DowneySE07,true,0;0,-1,ACL,http://aclweb.org/anthology-new/P/P07/P07-1088.pdf,2007,'Sparse information extraction: unsupervised language models to the rescue',inproceedings,Doug Downey;Stefan Schoenmackers;Oren Etzioni
conf_acl_GordonS07,true,0;0,-1,ACL,http://aclweb.org/anthology-new/P/P07/P07-1025.pdf,2007,'Generalizing semantic role annotations across syntactically similar verbs',inproceedings,Andrew S. Gordon;Reid Swanson
conf_acl_Kay86,true,0;0,-1,ACL,http://aclweb.org/anthology-new/P/P86/P86-1040.pdf,1986,'Machine translation will not work',inproceedings,Martin Kay
conf_acl_McCoy86,true,0;0,-1,ACL,http://aclweb.org/anthology-new/P/P86/P86-1016.pdf,1986,'The romper system: responding to object-related misconceptions using perspective',inproceedings,Kathleen F. McCoy
conf_acl_YamadaK02,true,0;0,-1,ACL,http://www.aclweb.org/anthology/P02-1039.pdf,2002,'A decoder for syntax-based statistical mt',inproceedings,Kenji Yamada;Kevin Knight
conf_acl_CardinalBCB07,true,0;0,-1,ACL,http://aclweb.org/anthology-new/P/P07/P07-2029.pdf,2007,'Real-time correction of closed-captions',inproceedings,Patrick Cardinal;Gilles Boulianne;Michel Comeau;Maryse Boisvert
conf_acl_Matthiessen81,true,0;0,-1,ACL,http://aclweb.org/anthology-new/P/P81/P81-1013.pdf,1981,'A grammar and a lexicon for a text-production system',inproceedings,Christian M. I. M. Matthiessen
conf_acl_McKeownP87,true,0;0,-1,ACL,http://aclweb.org/anthology-new/P/P87/P87-1014.pdf,1987,'Functional unification grammar revisited',inproceedings,Kathleen McKeown;Cécile Paris
conf_acl_McDonaldHNWR07,true,0;0,-1,ACL,http://aclweb.org/anthology-new/P/P07/P07-1055.pdf,2007,'Structured models for fine-to-coarse sentiment analysis',inproceedings,Ryan T. McDonald;Kerry Hannan;Tyler Neylon;Mike Wells;Jeffrey C. Reynar
conf_acl_XuUL07,true,0;0,-1,ACL,http://aclweb.org/anthology-new/P/P07/P07-1074.pdf,2007,'A seed-driven bottom-up machine learning framework for extracting relations of various complexity',inproceedings,Feiyu Xu;Hans Uszkoreit;Hong Li
conf_acl_FilippovaS07,true,0;0,-1,ACL,http://aclweb.org/anthology-new/P/P07/P07-1041.pdf,2007,'Generating constituent order in german clauses',inproceedings,Katja Filippova;Michael Strube 0001
conf_acl_Moszczynski07,true,0;0,-1,ACL,http://aclweb.org/anthology-new/P/P07/P07-3004.pdf,2007,'A practical classification of multiword expressions',inproceedings,Rados aw Moszczynski
